"","State","Population Estimates, July 1 2021, (V2021)","Population estimates base, April 1, 2020, (V2021)","Population, percent change - April 1, 2020 (estimates base) to July 1, 2021, (V2021)","Population, Census, April 1, 2020","Population, Census, April 1, 2010","Persons under 5 years, percent","Persons under 18 years, percent","Persons 65 years and over, percent","Female persons, percent","White alone, percent","Black or African American alone, percent","American Indian and Alaska Native alone, percent","Asian alone, percent","Native Hawaiian and Other Pacific Islander alone, percent","Two or More Races, percent","Hispanic or Latino, percent","White alone, not Hispanic or Latino, percent","Veterans, 2016-2020","Foreign born persons, percent, 2016-2020","Housing units,  July 1, 2019,  (V2019)","Owner-occupied housing unit rate, 2016-2020","Median value of owner-occupied housing units, 2016-2020","Median selected monthly owner costs -with a mortgage, 2016-2020","Median selected monthly owner costs -without a mortgage, 2016-2020","Median gross rent, 2016-2020","Building permits, 2020","Households, 2016-2020","Persons per household, 2016-2020","Living in same house 1 year ago, percent of persons age 1 year+, 2016-2020","Language other than English spoken at home, percent of persons age 5 years+, 2016-2020","Households with a computer, percent, 2016-2020","Households with a broadband Internet subscription, percent, 2016-2020","High school graduate or higher, percent of persons age 25 years+, 2016-2020","Bachelor's degree or higher, percent of persons age 25 years+, 2016-2020","With a disability, under age 65 years, percent, 2016-2020","Persons  without health insurance, under age 65 years, percent","In civilian labor force, total, percent of population age 16 years+, 2016-2020","In civilian labor force, female, percent of population age 16 years+, 2016-2020","Total accommodation and food services sales, 2012 ($1,000)","Total health care and social assistance receipts/revenue, 2012 ($1,000)","Total manufacturers shipments, 2012 ($1,000)","Total retail sales, 2012 ($1,000)","Total retail sales per capita, 2012","Mean travel time to work (minutes), workers age 16 years+, 2016-2020","Median household income (in 2020 dollars), 2016-2020","Per capita income in past 12 months (in 2020 dollars), 2016-2020","Persons in poverty, percent","Total employer establishments, 2020","Total employment, 2020","Total annual payroll, 2020 ($1,000)","Total employment, percent change, 2019-2020","Total nonemployer establishments, 2018","All firms, 2012","Men-owned firms, 2012","Women-owned firms, 2012","Minority-owned firms, 2012","Nonminority-owned firms, 2012","Veteran-owned firms, 2012","Nonveteran-owned firms, 2012","Population per square mile, 2010","Land area in square miles, 2010","FIPS Code","NA","NOTE: FIPS Code values are enclosed in quotes to ensure leading zeros remain intact.","NA","Value Notes","None","NA","Fact Notes","(a)","(c)","(b)","NA","Value Flags","-","F","D","N","FN","X","S","NA","Z"
"1","Colorado","5,812,069","5,773,714","0.7%","5,773,714","5,029,196","5.8%","21.9%","14.6%","49.6%","86.9%","4.6%","1.6%","3.5%","0.2%","3.1%","21.8%","67.7%","370,677","9.5%","2,464,164","66.2%","$369,900","$1,808","$488","$1,335","40,469","2,137,402","2.60","82.4%","16.4%","94.9%","89.6%","92.1%","41.6%","7.4%","9.3%","67.4%","62.7%","13,617,654","29,488,161","50,447,098","67,815,200","$13,073","25.8","$75,231","$39,545","9.0%","174,258","2,473,192","142,461,322","2.0%","535,299","547,352","284,554","194,508","85,849","442,365","51,722","469,524","48.5","103,641.89","""08""",NA,NA,NA,NA,NA,NA,NA,NA,NA,NA,NA,NA,NA,NA,NA,NA,NA,NA,NA,NA,NA
"2","California","39,237,836","39,538,223","-0.8%","39,538,223","37,253,956","6.0%","22.5%","14.8%","50.3%","71.9%","6.5%","1.6%","15.5%","0.5%","4.0%","39.4%","36.5%","1,525,746","26.6%","14,366,336","55.3%","$538,500","$2,422","$618","$1,586","106,075","13,103,114","2.94","87.6%","43.9%","94.3%","88.9%","83.9%","34.7%","6.8%","8.9%","63.3%","57.7%","90,830,372","248,953,592","512,303,164","481,800,461","$12,665","29.8","$78,672","$38,576","11.5%","966,224","15,516,824","1,077,175,621","1.9%","3,453,769","3,548,449","1,852,580","1,320,085","1,619,857","1,819,107","252,377","3,176,341","239.1","155,779.22","""06""",NA,NA,NA,NA,NA,NA,NA,NA,NA,NA,NA,NA,NA,NA,NA,NA,NA,NA,NA,NA,NA
"3","Arkansas","3,025,891","3,011,524","0.5%","3,011,524","2,915,918","6.2%","23.2%","17.4%","50.9%","79.0%","15.7%","1.0%","1.7%","0.4%","2.2%","7.8%","72.0%","191,786","4.9%","1,389,129","65.8%","$133,600","$1,103","$353","$760","12,493","1,170,544","2.50","85.4%","7.6%","88.2%","77.0%","87.2%","23.8%","12.9%","10.9%","57.8%","53.9%","4,307,264","15,792,628","62,712,925","36,815,256","$12,483","21.8","$49,475","$27,724","15.2%","67,243","1,053,453","46,259,546","1.0%","209,179","231,959","123,158","75,962","35,982","189,029","25,915","192,988","56.0","52,035.48","""05""",NA,NA,NA,NA,NA,NA,NA,NA,NA,NA,NA,NA,NA,NA,NA,NA,NA,NA,NA,NA,NA
"4","Alabama","5,039,877","5,024,279","0.3%","5,024,279","4,779,736","6.0%","22.2%","17.3%","51.7%","69.1%","26.8%","0.7%","1.5%","0.1%","1.8%","4.6%","65.3%","324,857","3.4%","2,284,847","69.2%","$149,600","$1,196","$367","$811","19,982","1,888,504","2.53","86.8%","5.3%","87.9%","79.9%","86.9%","26.2%","11.5%","11.7%","57.2%","52.5%","7,576,462","26,039,632","124,809,759","58,564,965","$12,145","25.2","$52,035","$28,934","14.9%","100,731","1,758,609","79,548,202","1.6%","336,445","374,153","203,604","137,630","92,219","272,651","41,943","316,984","94.4","50,645.33","""01""",NA,NA,NA,NA,NA,NA,NA,NA,NA,NA,NA,NA,NA,NA,NA,NA,NA,NA,NA,NA,NA
"5","Alaska","732,673","733,391","-0.1%","733,391","710,231","7.0%","24.6%","12.5%","47.9%","65.3%","3.7%","15.6%","6.5%","1.4%","7.5%","7.3%","60.2%","64,765","7.8%","319,854","64.8%","$275,600","$1,937","$591","$1,240","1,420","255,173","2.78","82.7%","15.8%","95.0%","87.3%","93.1%","30.0%","8.9%","13.9%","64.2%","62.7%","2,221,335","6,375,483","D","10,474,275","$14,320","18.9","$77,790","$37,094","9.6%","21,399","264,971","16,571,790","1.5%","57,391","68,032","35,402","22,141","13,688","51,147","7,953","56,091","1.2","570,640.95","""02""",NA,NA,NA,NA,NA,NA,NA,NA,NA,NA,NA,NA,NA,NA,NA,NA,NA,NA,NA,NA,NA
"6","Arizona","7,276,316","7,151,502","1.7%","7,151,502","6,392,017","5.9%","22.5%","18.0%","50.3%","82.6%","5.2%","5.3%","3.7%","0.3%","2.9%","31.7%","54.1%","491,239","13.2%","3,075,981","65.3%","$242,000","$1,464","$430","$1,097","60,342","2,643,430","2.65","83.0%","26.7%","93.3%","86.6%","87.9%","30.3%","8.9%","13.6%","59.7%","55.1%","13,996,635","37,055,881","51,243,473","84,716,542","$12,927","25.8","$61,529","$32,340","12.8%","147,163","2,614,641","129,707,807","2.6%","502,593","499,926","245,243","182,425","135,313","344,981","46,780","427,582","56.3","113,594.08","""04""",NA,NA,NA,NA,NA,NA,NA,NA,NA,NA,NA,NA,NA,NA,NA,NA,NA,NA,NA,NA,NA
"7","Idaho","1,900,923","1,839,106","3.4%","1,839,106","1,567,582","6.5%","25.1%","16.3%","49.9%","93.0%","0.9%","1.7%","1.6%","0.2%","2.6%","12.8%","81.6%","115,549","5.9%","751,105","70.8%","$235,600","$1,312","$388","$887","19,130","649,299","2.66","83.2%","10.8%","93.2%","86.0%","91.3%","28.7%","9.5%","12.8%","62.8%","57.0%","2,680,225","7,895,614","20,201,432","20,444,278","$12,812","21.2","$58,915","$29,494","10.1%","50,547","616,778","26,955,259","3.2%","135,986","146,642","70,438","45,121","10,592","130,973","12,804","124,314","19.0","82,643.12","""16""",NA,NA,NA,NA,NA,NA,NA,NA,NA,NA,NA,NA,NA,NA,NA,NA,NA,NA,NA,NA,NA
"8","Hawaii","1,441,553","1,455,271","-0.9%","1,455,271","1,360,301","6.0%","21.2%","19.0%","50.0%","25.5%","2.2%","0.4%","37.6%","10.1%","24.2%","10.7%","21.7%","97,478","18.3%","550,273","60.3%","$636,400","$2,443","$540","$1,651","3,164","467,932","2.94","86.8%","26.1%","92.7%","87.1%","92.5%","33.6%","6.4%","5.0%","61.5%","59.8%","9,536,706","8,136,947","D","18,901,745","$13,576","27.1","$83,173","$37,013","8.9%","32,889","553,206","25,838,555","0.3%","112,589","118,454","60,409","44,453","74,208","38,510","11,148","101,334","211.8","6,422.63","""15""",NA,NA,NA,NA,NA,NA,NA,NA,NA,NA,NA,NA,NA,NA,NA,NA,NA,NA,NA,NA,NA
"9","Georgia","10,799,566","10,711,908","0.8%","10,711,908","9,687,653","6.2%","23.6%","14.3%","51.4%","60.2%","32.6%","0.5%","4.4%","0.1%","2.2%","9.9%","52.0%","625,251","10.2%","4,378,391","64.0%","$190,200","$1,449","$435","$1,042","55,827","3,830,264","2.68","85.5%","14.0%","92.0%","84.4%","87.9%","32.2%","8.9%","15.5%","62.7%","58.6%","18,976,611","51,800,643","155,836,792","119,801,495","$12,077","28.7","$61,224","$32,427","14.0%","239,034","4,040,559","212,578,382","1.6%","955,621","929,864","480,578","376,506","371,588","538,893","96,787","800,585","168.4","57,513.49","""13""",NA,NA,NA,NA,NA,NA,NA,NA,NA,NA,NA,NA,NA,NA,NA,NA,NA,NA,NA,NA,NA
"10","Florida","21,781,128","21,538,187","1.1%","21,538,187","18,801,310","5.3%","19.7%","20.9%","51.1%","77.3%","16.9%","0.5%","3.0%","0.1%","2.2%","26.4%","53.2%","1,416,472","20.8%","9,673,682","66.2%","$232,000","$1,539","$513","$1,218","164,074","7,931,313","2.62","84.9%","29.4%","93.1%","85.4%","88.5%","30.5%","8.7%","16.3%","58.6%","54.4%","49,817,925","124,061,425","96,924,106","273,867,145","$14,177","27.9","$57,703","$32,848","12.4%","574,512","8,860,042","426,908,310","2.2%","2,388,050","2,100,187","1,084,885","807,817","926,112","1,121,749","185,756","1,846,686","350.6","53,624.76","""12""",NA,NA,NA,NA,NA,NA,NA,NA,NA,NA,NA,NA,NA,NA,NA,NA,NA,NA,NA,NA,NA
"11","Delaware","1,003,384","989,948","1.4%","989,948","897,934","5.6%","20.9%","19.4%","51.7%","69.2%","23.2%","0.7%","4.1%","0.1%","2.7%","9.6%","61.7%","65,065","9.4%","443,781","71.4%","$258,300","$1,591","$475","$1,150","8,455","370,953","2.54","88.0%","13.4%","93.1%","87.4%","90.6%","32.7%","9.3%","8.1%","61.6%","58.1%","2,148,437","7,003,251","22,597,384","14,456,001","$15,763","26.2","$69,110","$36,574","10.9%","26,142","413,410","23,948,185","1.9%","68,623","73,418","38,328","23,964","14,440","54,782","7,206","60,318","460.8","1,948.54","""10""",NA,NA,NA,NA,NA,NA,NA,NA,NA,NA,NA,NA,NA,NA,NA,NA,NA,NA,NA,NA,NA
"12","Connecticut","3,605,597","3,605,944","0.0%","3,605,944","3,574,097","5.1%","20.4%","17.7%","51.2%","79.7%","12.2%","0.6%","5.0%","0.1%","2.5%","16.9%","65.9%","160,142","14.6%","1,524,992","66.1%","$279,700","$2,127","$900","$1,201","5,471","1,385,437","2.50","88.3%","22.1%","92.0%","87.3%","90.9%","40.0%","7.6%","7.0%","65.7%","61.7%","9,542,068","29,573,119","55,160,095","51,632,467","$14,381","26.7","$79,855","$45,668","9.7%","88,916","1,538,341","100,304,531","0.6%","286,874","326,693","187,845","106,678","56,113","259,614","31,056","281,182","738.1","4,842.36","""09""",NA,NA,NA,NA,NA,NA,NA,NA,NA,NA,NA,NA,NA,NA,NA,NA,NA,NA,NA,NA,NA
"13","Louisiana","4,624,047","4,657,757","-0.7%","4,657,757","4,533,372","6.5%","23.4%","15.9%","51.2%","62.8%","32.8%","0.8%","1.8%","0.1%","1.8%","5.3%","58.4%","239,881","4.1%","2,089,777","66.6%","$168,100","$1,310","$344","$876","17,283","1,751,956","2.59","87.4%","7.8%","88.1%","79.1%","85.9%","24.9%","11.2%","10.5%","58.7%","55.2%","11,697,949","27,951,792","271,191,050","61,396,364","$13,342","25.8","$50,800","$29,522","17.8%","106,302","1,719,561","82,452,225","1.7%","385,074","414,291","215,111","151,114","126,100","277,676","42,211","354,460","104.9","43,203.90","""22""",NA,NA,NA,NA,NA,NA,NA,NA,NA,NA,NA,NA,NA,NA,NA,NA,NA,NA,NA,NA,NA
"14","Kentucky","4,509,394","4,505,836","0.1%","4,505,836","4,339,367","6.1%","22.4%","16.8%","50.7%","87.5%","8.5%","0.3%","1.6%","0.1%","2.0%","3.9%","84.1%","257,452","4.0%","2,006,358","67.6%","$147,100","$1,191","$379","$783","11,281","1,748,053","2.48","85.5%","5.7%","88.5%","81.6%","87.2%","25.0%","13.2%","7.7%","59.1%","55.1%","7,500,115","26,264,745","129,284,438","54,869,978","$12,526","23.7","$52,238","$29,123","14.9%","91,219","1,666,637","74,883,767","1.5%","295,814","331,546","184,154","106,011","27,258","296,155","33,208","282,704","109.9","39,486.34","""21""",NA,NA,NA,NA,NA,NA,NA,NA,NA,NA,NA,NA,NA,NA,NA,NA,NA,NA,NA,NA,NA
"15","Kansas","2,934,582","2,937,880","-0.1%","2,937,880","2,853,118","6.4%","24.0%","16.3%","50.2%","86.3%","6.1%","1.2%","3.2%","0.1%","3.1%","12.2%","75.4%","172,750","7.0%","1,288,401","66.2%","$157,600","$1,400","$517","$863","8,211","1,141,985","2.48","84.1%","11.7%","91.7%","84.5%","91.4%","33.9%","9.1%","10.9%","65.9%","61.5%","4,873,411","18,248,370","86,076,260","38,276,461","$13,263","19.6","$61,091","$32,798","10.6%","74,292","1,209,318","57,272,387","0.5%","202,389","239,118","125,169","77,194","26,127","204,562","21,610","203,401","34.9","81,758.72","""20""",NA,NA,NA,NA,NA,NA,NA,NA,NA,NA,NA,NA,NA,NA,NA,NA,NA,NA,NA,NA,NA
"16","Iowa","3,193,079","3,190,369","0.1%","3,190,369","3,046,355","6.2%","23.0%","17.5%","50.2%","90.6%","4.1%","0.5%","2.7%","0.2%","2.0%","6.3%","85.0%","178,481","5.4%","1,418,626","71.2%","$153,900","$1,279","$495","$806","12,623","1,273,941","2.40","85.6%","8.4%","90.4%","83.1%","92.5%","29.3%","8.0%","6.0%","67.0%","62.7%","5,468,687","18,583,828","116,668,830","44,905,624","$14,607","19.5","$61,836","$33,021","10.2%","82,770","1,380,747","63,671,064","1.2%","212,333","259,121","135,382","82,345","14,707","236,561","25,889","217,779","54.5","55,857.13","""19""",NA,NA,NA,NA,NA,NA,NA,NA,NA,NA,NA,NA,NA,NA,NA,NA,NA,NA,NA,NA,NA
"17","Indiana","6,805,985","6,785,528","0.3%","6,785,528","6,483,802","6.2%","23.3%","16.1%","50.7%","84.8%","9.9%","0.4%","2.6%","0.1%","2.2%","7.3%","78.4%","372,074","5.3%","2,921,032","69.5%","$148,900","$1,155","$416","$844","24,919","2,602,770","2.50","85.7%","8.8%","90.3%","83.2%","89.3%","27.2%","9.9%","10.3%","63.7%","59.0%","13,076,602","42,493,117","242,763,842","85,857,962","$13,133","23.9","$58,235","$30,693","11.6%","148,917","2,834,056","132,501,965","0.6%","422,619","479,059","253,533","162,798","61,252","405,090","45,174","412,543","181.0","35,826.11","""18""",NA,NA,NA,NA,NA,NA,NA,NA,NA,NA,NA,NA,NA,NA,NA,NA,NA,NA,NA,NA,NA
"18","Illinois","12,671,469","12,812,508","-1.1%","12,812,508","12,830,632","5.9%","22.2%","16.1%","50.9%","76.8%","14.6%","0.6%","5.9%","0.1%","2.1%","17.5%","60.8%","553,593","13.9%","5,388,066","66.3%","$202,100","$1,709","$650","$1,038","18,058","4,884,061","2.54","87.5%","23.0%","91.5%","85.4%","89.7%","35.5%","7.3%","8.6%","65.1%","60.5%","27,937,381","83,431,778","281,037,755","166,634,514","$12,942","29.0","$68,428","$37,306","11.0%","320,417","5,530,388","325,435,485","0.1%","996,670","1,135,017","609,648","417,500","311,684","795,129","89,110","1,006,885","231.1","55,518.93","""17""",NA,NA,NA,NA,NA,NA,NA,NA,NA,NA,NA,NA,NA,NA,NA,NA,NA,NA,NA,NA,NA
"19","New Jersey","9,267,130","9,288,994","-0.2%","9,288,994","8,791,894","5.8%","21.8%","16.6%","51.1%","71.9%","15.1%","0.6%","10.0%","0.1%","2.3%","20.9%","54.6%","313,928","22.7%","3,641,812","64.0%","$343,500","$2,476","$1,062","$1,368","36,146","3,272,054","2.66","89.7%","31.6%","92.9%","87.9%","90.3%","40.7%","6.6%","9.2%","65.6%","60.5%","19,673,558","60,375,232","108,854,971","133,665,728","$15,079","32.0","$85,245","$44,153","9.4%","233,888","3,805,357","239,861,512","1.8%","745,483","792,088","464,592","252,944","237,242","533,808","57,996","707,975","1,195.5","7,354.22","""34""",NA,NA,NA,NA,NA,NA,NA,NA,NA,NA,NA,NA,NA,NA,NA,NA,NA,NA,NA,NA,NA
"20","New Hampshire","1,388,992","1,377,529","0.8%","1,377,529","1,316,470","4.7%","18.8%","18.7%","50.4%","93.1%","1.8%","0.3%","3.0%","Z","1.8%","4.0%","89.8%","93,326","6.1%","642,315","71.2%","$272,300","$1,967","$812","$1,145","4,320","539,116","2.44","86.4%","8.1%","93.7%","88.8%","93.3%","37.6%","8.9%","7.6%","67.1%","63.2%","2,942,278","9,616,460","18,895,624","26,018,201","$19,700","27.4","$77,923","$41,234","7.0%","38,494","620,164","33,047,745","1.3%","108,327","131,638","76,716","38,525","6,111","121,297","16,119","108,817","147.0","8,952.65","""33""",NA,NA,NA,NA,NA,NA,NA,NA,NA,NA,NA,NA,NA,NA,NA,NA,NA,NA,NA,NA,NA
"21","Nevada","3,143,991","3,104,614","1.3%","3,104,614","2,700,551","6.0%","22.5%","16.1%","49.8%","73.9%","10.3%","1.7%","8.7%","0.8%","4.6%","29.2%","48.2%","205,659","19.4%","1,285,684","57.1%","$290,200","$1,574","$433","$1,159","19,716","1,130,011","2.65","83.0%","30.2%","93.6%","85.5%","86.9%","25.5%","8.5%","13.4%","63.0%","58.4%","27,481,505","13,928,514","14,719,141","38,234,170","$13,858","24.6","$62,043","$32,629","12.5%","68,567","1,261,577","58,121,883","3.3%","245,381","227,156","114,057","82,508","71,864","144,944","23,049","191,293","24.6","109,781.18","""32""",NA,NA,NA,NA,NA,NA,NA,NA,NA,NA,NA,NA,NA,NA,NA,NA,NA,NA,NA,NA,NA
"22","Nebraska","1,963,692","1,961,504","0.1%","1,961,504","1,826,341","6.8%","24.6%","16.2%","50.0%","88.1%","5.2%","1.5%","2.7%","0.1%","2.3%","11.4%","78.2%","113,567","7.4%","851,227","66.2%","$164,000","$1,412","$539","$857","9,483","766,663","2.44","84.7%","11.8%","91.5%","85.6%","91.6%","32.5%","7.7%","9.8%","69.0%","64.6%","3,094,498","12,869,418","57,499,177","30,470,717","$16,422","18.9","$63,015","$33,205","9.2%","54,939","856,242","39,432,674","1.3%","138,728","164,089","83,696","51,936","14,571","144,122","16,693","137,254","23.8","76,824.17","""31""",NA,NA,NA,NA,NA,NA,NA,NA,NA,NA,NA,NA,NA,NA,NA,NA,NA,NA,NA,NA,NA
"23","Montana","1,104,271","1,084,225","1.8%","1,084,225","989,415","5.7%","21.4%","19.3%","49.7%","88.9%","0.6%","6.7%","0.9%","0.1%","2.8%","4.1%","85.9%","85,401","2.2%","519,935","68.5%","$244,900","$1,456","$451","$836","5,980","436,048","2.37","84.5%","4.0%","90.5%","83.3%","94.0%","33.1%","9.3%","10.2%","63.2%","59.6%","2,420,455","6,469,475","11,535,236","15,623,573","$15,544","18.4","$56,539","$32,463","12.4%","38,959","375,176","16,051,422","1.1%","93,753","112,419","55,913","35,449","5,578","102,746","11,486","93,393","6.8","145,545.80","""30""",NA,NA,NA,NA,NA,NA,NA,NA,NA,NA,NA,NA,NA,NA,NA,NA,NA,NA,NA,NA,NA
"24","Missouri","6,168,187","6,154,913","0.2%","6,154,913","5,988,927","6.0%","22.3%","17.3%","50.9%","82.9%","11.8%","0.6%","2.2%","0.2%","2.4%","4.4%","79.1%","391,513","4.2%","2,819,383","67.1%","$163,600","$1,287","$449","$843","19,839","2,440,212","2.44","85.5%","6.3%","90.7%","83.2%","90.6%","29.9%","10.2%","12.0%","62.6%","58.9%","12,430,310","40,089,316","111,535,362","90,546,581","$15,036","23.9","$57,290","$31,839","12.1%","151,816","2,547,310","125,301,519","0.5%","426,915","491,606","257,948","162,616","61,035","415,972","49,217","415,542","87.1","68,741.52","""29""",NA,NA,NA,NA,NA,NA,NA,NA,NA,NA,NA,NA,NA,NA,NA,NA,NA,NA,NA,NA,NA
"25","West Virginia","1,782,959","1,793,716","-0.6%","1,793,716","1,852,994","5.2%","20.1%","20.5%","50.5%","93.5%","3.6%","0.3%","0.8%","Z","1.8%","1.7%","92.0%","125,084","1.6%","894,956","73.7%","$123,200","$1,058","$331","$732","3,204","734,235","2.40","88.6%","2.5%","86.2%","78.9%","87.6%","21.3%","13.9%","8.3%","53.6%","49.6%","4,036,333","12,259,395","24,553,072","22,637,923","$12,201","26.1","$48,037","$27,346","15.8%","35,795","554,433","23,906,683","0.0%","88,150","114,435","63,112","39,065","5,777","104,785","12,912","94,960","77.1","24,038.21","""54""",NA,NA,NA,NA,NA,NA,NA,NA,NA,NA,NA,NA,NA,NA,NA,NA,NA,NA,NA,NA,NA
"26","Washington","7,738,692","7,705,281","0.4%","7,705,281","6,724,540","6.0%","21.8%","15.9%","49.9%","78.5%","4.4%","1.9%","9.6%","0.8%","4.9%","13.0%","67.5%","517,912","14.5%","3,195,004","63.3%","$366,800","$1,939","$605","$1,337","43,881","2,905,822","2.53","83.0%","20.0%","94.8%","90.1%","91.7%","36.7%","8.8%","7.7%","63.7%","58.8%","14,297,278","43,966,889","131,530,601","118,924,049","$17,243","28.0","$77,006","$40,837","9.5%","195,105","2,898,378","191,591,608","1.8%","491,908","541,522","262,650","187,677","92,807","426,697","49,331","461,401","101.2","66,455.52","""53""",NA,NA,NA,NA,NA,NA,NA,NA,NA,NA,NA,NA,NA,NA,NA,NA,NA,NA,NA,NA,NA
"27","Virginia","8,642,274","8,631,393","0.1%","8,631,393","8,001,024","5.9%","21.8%","15.9%","50.8%","69.4%","19.9%","0.5%","6.9%","0.1%","3.2%","9.8%","61.2%","674,242","12.6%","3,562,143","66.7%","$282,800","$1,822","$481","$1,257","33,813","3,184,121","2.60","85.2%","16.4%","92.3%","86.1%","90.3%","39.5%","8.0%","9.3%","64.0%","60.4%","17,795,901","47,705,003","96,389,872","110,002,385","$13,438","28.6","$76,398","$41,255","9.2%","203,467","3,455,993","197,418,070","2.0%","632,995","653,193","353,012","236,290","185,043","450,109","76,434","548,439","202.6","39,490.09","""51""",NA,NA,NA,NA,NA,NA,NA,NA,NA,NA,NA,NA,NA,NA,NA,NA,NA,NA,NA,NA,NA
"28","Vermont","645,570","643,077","0.4%","643,077","625,741","4.7%","18.3%","20.0%","50.6%","94.2%","1.4%","0.4%","1.9%","Z","2.0%","2.0%","92.6%","34,915","4.6%","339,439","71.3%","$230,900","$1,630","$686","$999","2,077","262,852","2.28","86.7%","5.6%","91.3%","83.0%","93.5%","39.7%","10.4%","5.6%","65.3%","62.7%","1,564,272","4,457,996","9,315,494","9,933,751","$15,868","23.3","$63,477","$35,854","9.4%","20,829","261,196","11,884,937","0.0%","62,027","75,827","41,270","23,417","2,354","70,491","8,237","63,317","67.9","9,216.66","""50""",NA,NA,NA,NA,NA,NA,NA,NA,NA,NA,NA,NA,NA,NA,NA,NA,NA,NA,NA,NA,NA
"29","Utah","3,337,975","3,271,616","2.0%","3,271,616","2,763,885","7.7%","29.0%","11.4%","49.6%","90.6%","1.5%","1.6%","2.7%","1.1%","2.6%","14.4%","77.8%","120,198","8.4%","1,133,521","70.5%","$305,400","$1,597","$437","$1,090","31,775","1,003,345","3.09","83.8%","15.3%","96.1%","89.3%","93.0%","34.7%","7.0%","10.8%","68.6%","61.3%","4,789,281","14,521,857","50,046,429","38,024,486","$13,317","22.0","$74,197","$30,986","7.3%","83,924","1,373,876","67,687,688","2.7%","246,766","251,419","132,163","76,269","24,423","218,826","18,754","219,807","33.6","82,169.62","""49""",NA,NA,NA,NA,NA,NA,NA,NA,NA,NA,NA,NA,NA,NA,NA,NA,NA,NA,NA,NA,NA
"30","Texas","29,527,941","29,145,505","1.3%","29,145,505","25,145,561","6.9%","25.5%","12.9%","50.3%","78.7%","12.9%","1.0%","5.2%","0.1%","2.1%","39.7%","41.2%","1,435,527","16.8%","11,283,353","62.3%","$187,200","$1,654","$526","$1,082","230,503","9,906,070","2.83","84.8%","35.1%","92.7%","85.1%","84.4%","30.7%","7.9%","20.8%","64.4%","58.2%","54,480,811","145,035,130","702,603,073","356,116,376","$13,666","26.6","$63,826","$32,177","13.4%","609,476","11,104,054","611,142,429","2.9%","2,514,301","2,356,748","1,251,696","866,678","1,070,392","1,224,845","213,590","2,057,218","96.3","261,231.71","""48""",NA,NA,NA,NA,NA,NA,NA,NA,NA,NA,NA,NA,NA,NA,NA,NA,NA,NA,NA,NA,NA
"31","Mississippi","2,949,965","2,961,279","-0.4%","2,961,279","2,967,297","6.2%","23.5%","16.4%","51.5%","59.1%","37.8%","0.6%","1.1%","0.1%","1.3%","3.4%","56.4%","164,687","2.3%","1,339,021","68.8%","$125,500","$1,161","$358","$789","7,810","1,116,649","2.59","87.5%","4.0%","86.5%","75.8%","85.3%","22.8%","11.9%","15.4%","56.8%","53.8%","6,999,175","16,630,587","66,441,608","37,053,190","$12,413","25.2","$46,511","$25,444","18.7%","59,130","958,126","37,730,520","1.4%","222,159","235,454","125,079","89,159","74,824","155,094","26,789","198,566","63.2","46,923.27","""28""",NA,NA,NA,NA,NA,NA,NA,NA,NA,NA,NA,NA,NA,NA,NA,NA,NA,NA,NA,NA,NA
"32","Minnesota","5,707,390","5,706,494","Z","5,706,494","5,303,925","6.2%","23.1%","16.3%","50.2%","83.8%","7.0%","1.4%","5.2%","0.1%","2.6%","5.6%","79.1%","291,453","8.4%","2,477,753","71.9%","$235,700","$1,606","$548","$1,010","28,148","2,207,988","2.48","86.3%","11.9%","92.7%","87.0%","93.4%","36.8%","7.4%","5.8%","69.2%","65.6%","11,722,627","40,403,572","123,076,309","78,898,182","$14,667","23.8","$73,382","$38,881","8.3%","151,495","2,729,420","153,756,494","0.0%","416,487","489,494","268,710","157,821","47,302","428,716","45,582","419,628","66.6","79,626.74","""27""",NA,NA,NA,NA,NA,NA,NA,NA,NA,NA,NA,NA,NA,NA,NA,NA,NA,NA,NA,NA,NA
"33","Michigan","10,050,811","10,077,331","-0.3%","10,077,331","9,883,640","5.7%","21.5%","17.7%","50.7%","79.2%","14.1%","0.7%","3.4%","Z","2.5%","5.3%","74.7%","532,394","6.9%","4,629,611","71.7%","$162,600","$1,312","$495","$892","19,735","3,980,408","2.45","86.6%","9.7%","91.1%","84.4%","91.3%","30.0%","10.2%","6.9%","61.4%","57.2%","17,962,356","63,018,786","238,892,383","119,302,046","$12,071","24.6","$59,234","$32,854","12.6%","222,226","3,978,872","203,510,092","0.8%","730,700","834,087","446,128","306,986","158,946","657,237","71,861","733,517","174.8","56,538.90","""26""",NA,NA,NA,NA,NA,NA,NA,NA,NA,NA,NA,NA,NA,NA,NA,NA,NA,NA,NA,NA,NA
"34","Massachusetts","6,984,723","7,029,917","-0.6%","7,029,917","6,547,629","5.2%","19.6%","17.0%","51.5%","80.6%","9.0%","0.5%","7.2%","0.1%","2.6%","12.4%","71.1%","290,648","16.9%","2,928,732","62.5%","$398,800","$2,268","$829","$1,336","17,025","2,646,980","2.50","87.4%","23.9%","92.6%","88.2%","91.1%","44.5%","7.9%","3.5%","67.1%","63.4%","17,508,975","63,583,090","81,927,799","92,915,380","$13,980","30.0","$84,385","$45,555","9.4%","181,061","3,386,372","238,938,268","1.9%","573,754","607,664","357,158","199,210","89,967","499,959","58,339","525,667","839.4","7,800.06","""25""",NA,NA,NA,NA,NA,NA,NA,NA,NA,NA,NA,NA,NA,NA,NA,NA,NA,NA,NA,NA,NA
"35","Maryland","6,165,129","6,177,224","-0.2%","6,177,224","5,773,552","6.0%","22.1%","15.9%","51.6%","58.5%","31.1%","0.6%","6.7%","0.1%","2.9%","10.6%","50.0%","357,261","15.2%","2,470,316","67.1%","$325,400","$2,038","$633","$1,415","17,982","2,230,527","2.64","86.8%","19.0%","93.6%","88.5%","90.6%","40.9%","7.6%","6.9%","66.9%","63.3%","12,516,782","40,821,901","39,532,989","76,379,707","$12,980","33.0","$87,063","$43,352","9.0%","139,449","2,380,865","136,778,313","0.6%","510,744","531,953","276,630","209,119","203,394","314,902","50,976","462,232","594.8","9,707.24","""24""",NA,NA,NA,NA,NA,NA,NA,NA,NA,NA,NA,NA,NA,NA,NA,NA,NA,NA,NA,NA,NA
"36","Maine","1,372,247","1,362,359","0.7%","1,362,359","1,328,361","4.7%","18.5%","21.2%","51.0%","94.4%","1.7%","0.7%","1.3%","Z","1.8%","1.8%","93.0%","101,652","3.6%","750,939","72.9%","$198,000","$1,404","$500","$873","5,304","569,551","2.29","87.1%","6.0%","91.1%","84.3%","93.2%","32.5%","11.5%","10.1%","62.8%","59.6%","2,901,347","10,297,043","16,044,543","21,521,714","$16,192","24.3","$59,489","$33,774","10.6%","41,843","522,191","24,129,240","1.2%","117,341","139,570","79,243","42,067","4,339","131,322","15,689","115,839","43.1","30,842.92","""23""",NA,NA,NA,NA,NA,NA,NA,NA,NA,NA,NA,NA,NA,NA,NA,NA,NA,NA,NA,NA,NA
"37","Oklahoma","3,986,639","3,959,353","0.7%","3,959,353","3,751,351","6.5%","24.1%","16.1%","50.5%","74.0%","7.8%","9.4%","2.4%","0.2%","6.3%","11.1%","65.0%","266,895","6.0%","1,749,464","66.1%","$142,400","$1,246","$406","$818","13,733","1,493,569","2.57","83.8%","10.6%","90.6%","81.7%","88.6%","26.1%","11.6%","16.8%","60.5%","55.8%","7,121,153","22,795,438","74,295,394","50,256,231","$13,174","22.0","$53,840","$29,873","14.3%","93,761","1,404,725","65,227,101","1.4%","291,452","327,229","174,395","105,168","64,875","249,027","36,273","273,491","54.7","68,594.92","""40""",NA,NA,NA,NA,NA,NA,NA,NA,NA,NA,NA,NA,NA,NA,NA,NA,NA,NA,NA,NA,NA
"38","Ohio","11,780,017","11,799,448","-0.2%","11,799,448","11,536,504","5.9%","22.1%","17.5%","51.0%","81.7%","13.1%","0.3%","2.5%","0.1%","2.4%","4.0%","78.4%","685,905","4.6%","5,232,869","66.3%","$151,400","$1,286","$480","$825","29,686","4,717,226","2.41","86.0%","7.2%","90.7%","84.5%","90.8%","28.9%","10.0%","7.8%","63.0%","58.9%","20,652,777","80,915,693","313,629,976","153,553,997","$13,301","23.7","$58,116","$32,465","12.6%","250,981","4,916,956","243,906,995","0.8%","802,331","904,814","510,078","306,824","122,653","759,569","91,316","776,193","282.3","40,860.69","""39""",NA,NA,NA,NA,NA,NA,NA,NA,NA,NA,NA,NA,NA,NA,NA,NA,NA,NA,NA,NA,NA
"39","North Dakota","774,948","779,094","-0.5%","779,094","672,591","7.1%","23.6%","15.7%","48.8%","86.9%","3.4%","5.6%","1.7%","0.1%","2.3%","4.1%","83.7%","46,288","4.3%","380,173","62.5%","$199,900","$1,457","$476","$828","3,493","320,873","2.29","82.5%","6.0%","91.3%","83.1%","93.1%","30.7%","7.2%","8.1%","69.1%","64.8%","2,045,123","5,418,355","14,427,360","15,519,816","$22,183","17.6","$65,315","$36,289","10.2%","24,654","353,333","18,291,999","2.1%","56,523","68,270","37,016","20,316","3,190","62,271","6,584","56,904","9.7","69,000.80","""38""",NA,NA,NA,NA,NA,NA,NA,NA,NA,NA,NA,NA,NA,NA,NA,NA,NA,NA,NA,NA,NA
"40","North Carolina","10,551,162","10,439,388","1.1%","10,439,388","9,535,483","5.8%","21.9%","16.7%","51.4%","70.6%","22.2%","1.6%","3.2%","0.1%","2.3%","9.8%","62.6%","654,365","8.0%","4,747,943","65.7%","$182,100","$1,328","$402","$932","80,474","4,031,592","2.51","85.4%","11.8%","90.7%","83.4%","88.5%","32.0%","9.3%","13.4%","61.2%","57.3%","18,622,258","55,227,505","202,344,646","120,691,007","$12,376","24.9","$56,642","$31,993","12.9%","238,015","3,932,620","194,776,029","2.2%","787,883","805,985","435,677","287,058","183,380","603,182","86,571","684,743","196.1","48,617.91","""37""",NA,NA,NA,NA,NA,NA,NA,NA,NA,NA,NA,NA,NA,NA,NA,NA,NA,NA,NA,NA,NA
"41","New York","19,835,913","20,201,249","-1.8%","20,201,249","19,378,102","5.8%","20.7%","16.9%","51.4%","69.6%","17.6%","1.0%","9.0%","0.1%","2.7%","19.3%","55.3%","676,295","22.4%","8,404,381","54.1%","$325,000","$2,174","$781","$1,315","37,330","7,417,224","2.55","89.6%","30.3%","91.1%","85.2%","87.2%","37.5%","7.6%","6.1%","62.9%","58.7%","49,285,508","155,666,053","148,879,931","251,167,736","$12,834","33.5","$71,117","$40,898","12.7%","547,351","8,597,216","603,077,852","2.2%","1,804,188","2,008,988","1,139,910","725,709","709,021","1,248,304","137,532","1,811,544","411.2","47,126.40","""36""",NA,NA,NA,NA,NA,NA,NA,NA,NA,NA,NA,NA,NA,NA,NA,NA,NA,NA,NA,NA,NA
"42","New Mexico","2,115,877","2,117,522","-0.1%","2,117,522","2,059,179","5.8%","22.7%","18.0%","50.5%","81.9%","2.6%","11.0%","1.8%","0.2%","2.6%","49.3%","36.8%","141,558","9.2%","948,473","68.0%","$175,700","$1,293","$360","$857","5,219","792,755","2.59","87.0%","33.5%","88.1%","77.9%","86.5%","28.1%","10.9%","12.0%","56.9%","53.5%","4,349,672","11,236,630","29,102,352","25,179,274","$12,073","22.7","$51,243","$27,945","16.8%","43,804","644,537","28,177,071","2.1%","125,925","151,363","71,132","59,044","60,622","83,857","14,096","128,693","17.0","121,298.15","""35""",NA,NA,NA,NA,NA,NA,NA,NA,NA,NA,NA,NA,NA,NA,NA,NA,NA,NA,NA,NA,NA
"43","Tennessee","6,975,218","6,910,840","0.9%","6,910,840","6,346,105","6.0%","22.1%","16.7%","51.2%","78.4%","17.1%","0.5%","2.0%","0.1%","2.0%","5.7%","73.5%","428,519","5.1%","3,028,213","66.5%","$177,600","$1,272","$389","$897","49,719","2,639,455","2.51","85.8%","7.2%","89.1%","81.5%","88.2%","28.2%","11.0%","12.1%","61.1%","56.8%","12,499,013","42,383,683","139,960,482","91,641,605","$14,194","25.4","$54,833","$30,869","13.6%","139,760","2,724,545","129,928,960","1.5%","539,987","550,453","302,249","195,694","105,234","434,025","59,379","469,392","153.9","41,234.90","""47""",NA,NA,NA,NA,NA,NA,NA,NA,NA,NA,NA,NA,NA,NA,NA,NA,NA,NA,NA,NA,NA
"44","South Dakota","895,376","886,667","1.0%","886,667","814,180","6.9%","24.5%","17.2%","49.5%","84.6%","2.3%","9.0%","1.5%","0.1%","2.5%","4.2%","81.5%","55,969","4.0%","401,862","68.0%","$174,600","$1,367","$495","$761","6,660","347,878","2.43","84.9%","6.5%","90.2%","83.2%","92.2%","29.3%","7.8%","12.2%","67.5%","63.8%","1,873,699","6,211,731","16,882,647","13,791,827","$16,550","17.3","$59,896","$31,415","11.6%","27,108","358,943","15,766,523","-0.2%","68,405","81,314","42,418","23,722","4,101","74,228","8,604","66,219","10.7","75,811.00","""46""",NA,NA,NA,NA,NA,NA,NA,NA,NA,NA,NA,NA,NA,NA,NA,NA,NA,NA,NA,NA,NA
"45","South Carolina","5,190,705","5,118,425","1.4%","5,118,425","4,625,364","5.7%","21.6%","18.2%","51.6%","68.6%","27.0%","0.5%","1.8%","0.1%","2.0%","6.0%","63.7%","360,355","5.2%","2,351,286","70.1%","$170,100","$1,265","$377","$918","42,340","1,961,481","2.53","86.2%","7.4%","90.2%","81.2%","88.3%","29.0%","10.2%","13.2%","59.5%","55.9%","9,763,818","22,941,292","99,160,840","58,093,824","$12,298","25.1","$54,864","$30,727","13.8%","111,926","1,949,406","83,500,291","2.4%","363,971","367,726","202,446","131,856","83,233","276,269","47,987","303,137","153.9","30,060.70","""45""",NA,NA,NA,NA,NA,NA,NA,NA,NA,NA,NA,NA,NA,NA,NA,NA,NA,NA,NA,NA,NA
"46","Rhode Island","1,095,610","1,097,379","-0.2%","1,097,379","1,052,567","5.1%","19.3%","17.7%","51.3%","83.6%","8.5%","1.1%","3.7%","0.2%","2.9%","16.3%","71.4%","52,128","14.0%","470,168","61.6%","$276,600","$1,879","$745","$1,031","1,374","414,730","2.45","88.1%","22.4%","90.7%","86.6%","89.2%","35.0%","9.7%","4.8%","64.5%","60.7%","2,481,314","8,223,005","11,262,158","12,063,865","$11,486","25.3","$70,305","$37,504","10.6%","28,801","444,948","22,726,455","0.6%","83,145","94,642","54,651","30,484","14,737","77,042","9,904","79,837","1,018.1","1,033.81","""44""",NA,NA,NA,NA,NA,NA,NA,NA,NA,NA,NA,NA,NA,NA,NA,NA,NA,NA,NA,NA,NA
"47","Pennsylvania","12,964,056","13,002,700","-0.3%","13,002,700","12,702,379","5.5%","20.6%","18.7%","51.0%","81.6%","12.0%","0.4%","3.8%","0.1%","2.1%","7.8%","75.7%","731,411","7.0%","5,732,628","69.0%","$187,500","$1,505","$542","$958","25,706","5,106,601","2.42","87.8%","11.5%","89.6%","84.0%","91.0%","32.3%","9.8%","7.0%","62.7%","58.5%","23,504,192","96,329,248","231,396,178","178,794,945","$14,008","27.1","$63,627","$35,518","10.9%","303,224","5,557,885","294,726,635","1.5%","865,041","975,453","579,400","304,803","131,512","818,858","97,969","837,792","283.9","44,742.70","""42""",NA,NA,NA,NA,NA,NA,NA,NA,NA,NA,NA,NA,NA,NA,NA,NA,NA,NA,NA,NA,NA
"48","Oregon","4,246,155","4,237,256","0.2%","4,237,256","3,831,074","5.4%","20.5%","18.2%","50.4%","86.7%","2.2%","1.8%","4.9%","0.5%","4.0%","13.4%","75.1%","273,946","9.8%","1,808,465","62.8%","$336,700","$1,741","$553","$1,173","18,665","1,642,579","2.49","83.4%","15.3%","94.1%","88.1%","91.1%","34.4%","9.9%","8.6%","62.5%","58.2%","8,466,788","24,956,816","51,349,948","49,481,054","$12,690","23.9","$65,667","$35,393","11.0%","119,074","1,643,425","87,517,282","0.9%","302,653","339,305","165,691","123,015","41,456","285,028","30,918","288,790","39.9","95,988.01","""41""",NA,NA,NA,NA,NA,NA,NA,NA,NA,NA,NA,NA,NA,NA,NA,NA,NA,NA,NA,NA,NA
"49","District of Columbia","670,050","689,545","-2.8%","689,545","601,723","6.4%","18.2%","12.4%","52.6%","46.0%","46.0%","0.6%","4.5%","0.1%","2.9%","11.3%","37.5%","25,514","13.4%","322,793","42.5%","$618,100","$2,676","$735","$1,607","7,370","288,307","2.30","80.7%","17.2%","93.0%","85.6%","91.9%","59.8%","8.2%","3.9%","70.2%","68.9%","5,101,602","8,963,981","309,832","4,439,933","$7,022","30.9","$90,842","$58,659","15.0%","24,083","543,174","45,850,029","2.7%","62,583","63,408","30,237","27,064","29,983","29,521","5,070","54,217","9,856.5","61.05","""11""",NA,NA,NA,NA,NA,NA,NA,NA,NA,NA,NA,NA,NA,NA,NA,NA,NA,NA,NA,NA,NA
"50","Wyoming","578,803","576,851","0.3%","576,851","563,626","6.0%","23.1%","17.1%","49.1%","92.5%","1.3%","2.7%","1.1%","0.1%","2.2%","10.1%","83.7%","44,403","3.3%","280,291","71.0%","$228,000","$1,474","$429","$853","2,128","233,231","2.43","83.3%","7.0%","93.1%","85.9%","93.6%","28.2%","8.8%","14.8%","65.1%","60.0%","1,644,844","3,291,478","10,783,794","9,446,043","$16,388","17.9","$65,304","$34,415","9.2%","21,770","206,266","10,107,417","-0.4%","53,042","62,427","30,039","19,344","4,077","55,397","6,470","51,353","5.8","97,093.14","""56""",NA,NA,NA,NA,NA,NA,NA,NA,NA,NA,NA,NA,NA,NA,NA,NA,NA,NA,NA,NA,NA
"51","Wisconsin","5,895,908","5,893,718","Z","5,893,718","5,686,986","5.7%","21.8%","17.5%","50.2%","87.0%","6.7%","1.2%","3.0%","0.1%","2.0%","7.1%","80.9%","319,280","5.0%","2,725,296","67.1%","$189,200","$1,436","$556","$872","21,226","2,377,935","2.38","86.4%","8.7%","90.7%","84.7%","92.6%","30.8%","8.0%","6.8%","66.1%","62.6%","10,303,256","40,680,625","177,728,926","78,201,822","$13,656","22.2","$63,293","$34,450","10.0%","141,326","2,599,347","131,209,701","-0.4%","355,166","432,980","236,252","133,859","40,507","379,934","39,830","370,755","105.0","54,157.80","""55""",NA,NA,NA,NA,NA,NA,NA,NA,NA,NA,NA,NA,NA,NA,NA,NA,NA,NA,NA,NA,NA
